{
    "accuracy": 0.923417502594258,
    "0": {
        "precision": 0.9120098795924668,
        "recall": 0.9166795965865011,
        "f1-score": 0.9143387758260466,
        "support": 6445.0
    },
    "1": {
        "precision": 0.9326814591951862,
        "recall": 0.9288389513108615,
        "f1-score": 0.9307562394445487,
        "support": 8010.0
    }
}