{
    "0": {
        "precision": 0.919155354449472,
        "recall": 0.9455391776570985,
        "f1-score": 0.9321606118546845,
        "support": 6445.0
    },
    "1": {
        "precision": 0.9551437699680512,
        "recall": 0.933083645443196,
        "f1-score": 0.943984843700663,
        "support": 8010.0
    },
    "accuracy": 0.9386371497751643,
    "macro avg": {
        "precision": 0.9371495622087616,
        "recall": 0.9393114115501473,
        "f1-score": 0.9380727277776737,
        "support": 14455.0
    },
    "weighted avg": {
        "precision": 0.9390977417413309,
        "recall": 0.9386371497751643,
        "f1-score": 0.9387128150429438,
        "support": 14455.0
    }
}