{
    "0": {
        "precision": 0.9177586985991866,
        "recall": 0.9453840186190846,
        "f1-score": 0.9313665545704678,
        "support": 6445.0
    },
    "1": {
        "precision": 0.95496417604913,
        "recall": 0.9318352059925094,
        "f1-score": 0.9432579299886263,
        "support": 8010.0
    },
    "accuracy": 0.937876167416119,
    "macro avg": {
        "precision": 0.9363614373241582,
        "recall": 0.938609612305797,
        "f1-score": 0.937312242279547,
        "support": 14455.0
    },
    "weighted avg": {
        "precision": 0.9383755007004697,
        "recall": 0.937876167416119,
        "f1-score": 0.9379559642625778,
        "support": 14455.0
    }
}