{
    "0": {
        "precision": 0.9135234590616376,
        "recall": 0.9092018922630856,
        "f1-score": 0.9113575525812619,
        "support": 6553.0
    },
    "1": {
        "precision": 0.9249968486070843,
        "recall": 0.9286256643887624,
        "f1-score": 0.926807704452163,
        "support": 7902.0
    },
    "accuracy": 0.9198201314424075,
    "macro avg": {
        "precision": 0.919260153834361,
        "recall": 0.918913778325924,
        "f1-score": 0.9190826285167124,
        "support": 14455.0
    },
    "weighted avg": {
        "precision": 0.9197955257643785,
        "recall": 0.9198201314424075,
        "f1-score": 0.9198035643476998,
        "support": 14455.0
    }
}