{"remaining_contract_median": 0.0, "download_median": 43.689911396102545, "upload_median": 4.192075723644861}